graph,time_basic,time_optimized
small,2.987830638885498,2.2733209133148193
medium,1.6953248977661133,2.2118489742279053
large,2.219655752182007,3.0120887756347656
